{
  "$schema": "https://schema.management.azure.com/schemas/2015-01-01/deploymentTemplate.json#",
  "contentVersion": "1.0.0.0",
  "parameters": {
    "publicDnsName": {
      "type": "string",
      "metadata": {
        "description": "Unique public DNS prefix for the deployment. The fqdn will look something like '<dnsname>.westus.cloudapp.azure.com'. Up to 62 chars, digits or dashes, lowercase, should start with a letter: must conform to '^[a-z][a-z0-9-]{1,61}[a-z0-9]$'."
      }
    },
    "storageAccount": {
      "type": "string",
      "defaultValue": "useuniquenamehere",
      "metadata": {
        "description": "Name of the Storage Account. This has to be a uinique name, up to 24 chars, all lowercase."
      }
    },
      "adminUsername": {
      "type": "string",
      "defaultValue": "ITCampAdmin",
      "metadata": {
        "description": "The name of the administrator of the new VM and the domain. Exclusion list: 'admin','administrator'"
      }
    },
    "adminPassword": {
      "type": "securestring",
      "metadata": {
        "description": "The password for the administrator account of the new VM and the domain"
      }
    },
    "localGatewayIpAddress": {
      "type": "string",
      "metadata": {
        "description": "Public IP address for the gateway to connect to (from other VNet/on-prem)"
      }    
    },
    "assetLocation": {
      "type": "string",
      "defaultValue": "https://github.com/AZITCAMP/Labfiles/raw/master",
      "metadata": {
        "description": "The location of resources such as templates and DSC modules that the script is dependent"
      }
    }
  },
  "variables": {
    "vmSize": "Standard_A2",
    "imagePublisher": "MicrosoftWindowsServer",
    "imageOffer": "WindowsServer",
    "WindowsOSVersion": "2012-R2-Datacenter",
    "VNETName": "Lab03_VNET",
    "VNETID": "[resourceId('Microsoft.Network/virtualNetworks',variables('VNETName'))]",
    "FESubnetPrefix": "10.0.0.0/24",
    "FESubnetName": "FESubnet",
    "FESubnet-id": "[concat(variables('VNETID'),'/subnets/',variables('FESubnetName'))]",
    "BESubnetPrefix": "10.0.1.0/24",
    "BESubnetName": "BESubnet",
    "BESubnet-id": "[concat(variables('VNETID'),'/subnets/',variables('BESubnetName'))]",
    "GWSubnetPrefix": "10.0.200.0/28",
    "GWSubnetName": "GatewaySubnet",
    "GWSubnet-id": "[concat(variables('VNETID'),'/subnets/',variables('GWSubnetName'))]",
    "publicIPAddressName": "PubIP",
    "enableBgp": "false",
    "gatewayType": "vpn",
    "vpnType": "RouteBased",
    "localGatewayName": "LocalSiteGW",
    "localGatewayAddressPrefix": "192.168.10.0/24",
    "gatewayPublicIPName": "GWIP",
    "gatewayName": "VNETGW",
    "connectionName": "VNETGatewayConfig",
    "vnetAddressRange": "10.0.0.0/16",
    "subnetAddressRange": "10.0.0.0/24",
    "dnsServerPrivateIp": "10.0.0.8"    
  },
  "resources": [
    {
      "apiVersion": "2015-05-01-preview",
      "type": "Microsoft.Network/publicIPAddresses",
      "name": "[concat(variables('publicIPAddressName'),'0')]",
      "location": "[resourceGroup().location]",
      "properties": {
        "publicIPAllocationMethod": "Dynamic",
        "dnsSettings": {
          "domainNameLabel": "[parameters('publicDnsName')]"
        }
      }
    },
    {
      "apiVersion": "2015-05-01-preview",
      "type": "Microsoft.Network/publicIPAddresses",
      "name": "[concat(variables('publicIPAddressName'),'1')]",
      "location": "[resourceGroup().location]",
      "properties": {
        "publicIPAllocationMethod": "Dynamic"
      }
    },
    {
      "apiVersion": "2015-05-01-preview",
      "type": "Microsoft.Network/publicIPAddresses",
      "name": "[variables('gatewayPublicIPName')]",
      "location": "[resourceGroup().location]",
      "properties": {
        "publicIPAllocationMethod": "Dynamic"
       }      
    },
    {
      "apiVersion": "2015-05-01-preview",
      "type": "Microsoft.Storage/storageAccounts",
      "name": "[parameters('storageAccount')]",
      "location": "[resourceGroup().location]",
      "properties": {
        "accountType": "Standard_LRS"
      }
    },
    {
      "apiVersion": "2015-05-01-preview",
      "type": "Microsoft.Network/virtualNetworks",
      "name": "[variables('VNETName')]",
      "location": "[resourceGroup().location]",
      "properties": {
        "addressSpace": {
          "addressPrefixes": [
            "[variables('vnetAddressRange')]"
          ]
        },
        "subnets": [
          {
            "name": "[variables('FESubnetName')]",
            "properties": {
              "addressPrefix": "[variables('FESubnetPrefix')]"
            }
          },
          {
            "name": "[variables('BESubnetName')]",
            "properties": {
              "addressPrefix": "[variables('BESubnetPrefix')]"
            }
          },
          {
            "name": "[variables('GWSubnetName')]",
            "properties": {
              "addressPrefix": "[variables('GWSubnetPrefix')]"
            }
          }
        ]
      }
    },
    {
      "apiVersion": "2015-05-01-preview",
      "type": "Microsoft.Network/localNetworkGateways",
      "name": "[variables('localGatewayName')]",
      "location": "[resourceGroup().location]",
      "properties": {
        "localNetworkAddressSpace": {
          "addressPrefixes": [
            "[variables('localGatewayAddressPrefix')]"
          ]
        },
        "gatewayIpAddress": "[parameters('localGatewayIpAddress')]"
      }
    },
    {
      "apiVersion": "2015-05-01-preview",
      "type": "Microsoft.Network/virtualNetworkGateways",
      "name": "[variables('gatewayName')]",
      "location": "[resourceGroup().location]",
      "dependsOn": [
        "[concat('Microsoft.Network/publicIPAddresses/', variables('gatewayPublicIPName'))]",
        "[concat('Microsoft.Network/virtualNetworks/', variables('VNetName'))]"
      ],
      "properties": {
        "ipConfigurations": [
          {
            "properties": {
              "privateIPAllocationMethod": "Dynamic",
              "subnet": {
                "id": "[variables('GWsubnet-id')]"
              },
              "publicIPAddress": {
                "id": "[resourceId('Microsoft.Network/publicIPAddresses',variables('gatewayPublicIPName'))]"
              }
            },
            "name": "vnetGatewayConfig"
          }
        ],
        "gatewayType": "Vpn",
        "vpnType": "RouteBased",
        "enableBgp": false
      }
    },
    {
      "apiVersion": "2015-05-01-preview",
      "type": "Microsoft.Network/networkInterfaces",
      "name": "fe1-nif",
      "location": "[resourceGroup().location]",
      "dependsOn": [
        "[concat('Microsoft.Network/virtualNetworks/', variables('VNetName'))]"
      ],
      "properties": {
        "ipConfigurations": [
          {
            "name": "ipconfig",
            "properties": {
              "privateIPAllocationMethod": "Dynamic",
              "publicIPAddress" : {
                "id": "[concat(resourceId('Microsoft.Network/publicIPAddresses',variables('publicIPAddressName')),'0')]"
              },
              "subnet": {
                "id": "[variables('FESubnet-id')]"
              }
            }
          }
        ]
      }
    },
    {
      "apiVersion": "2015-06-15",
      "type": "Microsoft.Compute/virtualMachines",
      "name": "fe1",
      "location": "[resourceGroup().location]",
      "dependsOn": [
        "[resourceId('Microsoft.Storage/storageAccounts',parameters('storageAccount'))]",
        "[resourceId('Microsoft.Network/networkInterfaces','fe1-nif')]"
      ],
      "properties": {
        "hardwareProfile": {
          "vmSize": "[variables('vmSize')]"
        },
        "osProfile": {
          "computername": "fe1",
          "adminUsername": "[parameters('adminUsername')]",
          "adminPassword": "[parameters('adminPassword')]"
        },
        "storageProfile": {
          "imageReference": {
            "publisher": "[variables('imagePublisher')]",
            "offer": "[variables('imageOffer')]",
            "sku": "[variables('windowsOSVersion')]",
            "version": "latest"
          },
          "osDisk": {
            "name": "osdisk",
            "vhd": {
              "uri": "[concat('http://',parameters('storageAccount'),'.blob.core.windows.net/vhds/fe1-osdisk.vhd')]"
            },
            "caching": "ReadWrite",
            "createOption": "FromImage"
          }        
        },
        "networkProfile": {
          "networkInterfaces": [
            {
              "id": "[resourceId('Microsoft.Network/networkInterfaces','fe1-nif')]"
            }
          ]
        },
        "diagnosticsProfile": {
          "bootDiagnostics": {
             "enabled": "true",
             "storageUri": "[concat('http://',parameters('StorageAccount'),'.blob.core.windows.net')]"
          }
        }
      },
      "resources": [
        {
          "type": "Microsoft.Compute/virtualMachines/extensions",
          "name": "fe1/configurefe1",
          "apiVersion": "2015-05-01-preview",
          "location": "[resourceGroup().location]",
          "dependsOn": [
            "[resourceId('Microsoft.Compute/virtualMachines', 'fe1')]"
          ],
          "properties": {
            "publisher": "Microsoft.Powershell",
            "type": "DSC",
            "typeHandlerVersion": "2.8",
            "settings": {
              "ModulesUrl": "[concat(parameters('assetLocation'),'/lab03/ConfigureFE1.zip')]",
              "ConfigurationFunction": "ConfigureFE1.ps1\\ConfigureFE1",
              "Properties": {
                "MachineName": "fe1"
              }
            },
            "protectedSettings": null
           }
         }    
      ]
    },
    {
      "apiVersion": "2015-05-01-preview",
      "type": "Microsoft.Network/networkInterfaces",
      "name": "be1-nif",
      "location": "[resourceGroup().location]",
       "dependsOn": [
        "[concat('Microsoft.Network/virtualNetworks/', variables('VNetName'))]"
        ],
       "properties": {
        "ipConfigurations": [
          {
            "name": "ipconfig",
            "properties": {
              "privateIPAllocationMethod": "Dynamic",
              "publicIPAddress" : {
                "id": "[concat(resourceId('Microsoft.Network/publicIPAddresses',variables('publicIPAddressName')),'1')]"
              },
              "subnet": {
                "id": "[variables('besubnet-id')]"
              }          
            }
          }
        ]
      }
    },
    {
      "apiVersion": "2015-05-01-preview",
      "type": "Microsoft.Compute/virtualMachines",
      "name": "be1",
      "location": "[resourceGroup().location]",
      "dependsOn": [
        "[concat('Microsoft.Storage/storageAccounts/', parameters('storageAccount'))]",
        "Microsoft.Network/networkInterfaces/be1-nif"
      ],
      "properties": {
        "hardwareProfile": {
          "vmSize": "[variables('vmSize')]"
        },
        "osProfile": {
          "computername": "be1",
          "adminUsername": "[parameters('adminUsername')]",
          "adminPassword": "[parameters('adminPassword')]"
        },
        "storageProfile": {
          "imageReference": {
            "publisher": "[variables('imagePublisher')]",
            "offer": "[variables('imageOffer')]",
            "sku": "[variables('windowsOSVersion')]",
            "version": "latest"
          },
          "osDisk": {
            "name": "osdisk",
            "vhd": {
              "uri": "[concat('http://',parameters('storageAccount'),'.blob.core.windows.net/vhds/be1-osdisk.vhd')]"
            },
            "caching": "ReadWrite",
            "createOption": "FromImage"
          }   
        },
        "networkProfile": {
          "networkInterfaces": [
            {
              "id": "[resourceId('Microsoft.Network/networkInterfaces','be1-nif')]"
            }
          ]
        }
      }
    },
    {
      "type": "Microsoft.Compute/virtualMachines/extensions",
      "name": "be1/configurebe1",
      "apiVersion": "2015-05-01-preview",
      "location": "[resourceGroup().location]",
      "dependsOn": [
        "[resourceId('Microsoft.Compute/virtualMachines', 'be1')]"
      ],
      "properties": {
        "publisher": "Microsoft.Powershell",
        "type": "DSC",
        "typeHandlerVersion": "2.8",
        "settings": {
          "ModulesUrl": "[concat(parameters('assetLocation'),'/lab03/ConfigureBE1.zip')]",
          "ConfigurationFunction": "Configurebe1.ps1\\Configurebe1",
          "Properties": {
            "MachineName": "be1"
            }
          },
        "protectedSettings": null
      }
    }
  ]
}

