{
  "$schema": "https://schema.management.azure.com/schemas/2015-01-01/deploymentTemplate.json#",
  "contentVersion": "1.0.0.0",
  "parameters": {
    "publicDnsName": {
      "type": "string",
      "metadata": {
        "description": "Unique public DNS prefix for the deployment. The fqdn will look something like '<dnsname>.eastus.cloudapp.azure.com'. Up to 62 chars, digits or dashes, lowercase, should start with a letter: must conform to '^[a-z][a-z0-9-]{1,61}[a-z0-9]$'."
      }
    },
    "storageAccount": {
      "type": "string",
      "defaultValue": "useuniquenamehere",
      "metadata": {
        "description": "Name of the Storage Account. This has to be a uinique name, up to 24 chars, all lowercase."
      }
    },
      "adminUsername": {
      "type": "string",
      "defaultValue": "ITCampAdmin",
      "metadata": {
        "description": "The name of the administrator of the new VM and the domain. Exclusion list: 'admin','administrator'"
      }
    },
    "adminPassword": {
      "type": "securestring",
      "metadata": {
        "description": "The password for the administrator account of the new VM and the domain"
      }
    },
     "assetLocation": {
      "type": "string",
      "defaultValue": "https://github.com/AZITCAMP/Labfiles/raw/master",
      "metadata": {
        "description": "The location of resources such as templates and DSC modules that the script is dependent"
      }
    }
  },
  "variables": {
    "vmSizePS": "Standard_D3",
    "vmSizeSource": "Standard_A2",
    "imagePublisher": "MicrosoftWindowsServer",
    "imageOffer": "WindowsServer",
    "WindowsOSVersion": "2012-R2-Datacenter",
    "rgname1": "RG-AZITCAMP-LAB04-S",
    "rgname2": "RG-AZITCAMP-LAB04-S",
    "loc1": "East US",
    "loc2": "East US 2",
    "SVNETName": "Lab04-S-VNET",
    "TVNETName": "Lab04-T-VNET",
    "psVMName": "onPremPS",
    "sourceVMName": "onPremSource",
    "SVNETID": "[resourceId('Microsoft.Network/virtualNetworks',variables('SVNETName'))]",
    "SourceSubnetPrefix": "10.0.0.0/24",
    "TargetSubnetPrefix": "10.0.0.0/24",
    "SourceSubnetName": "subnet1",
    "TargetSubnetName": "subnet2",
    "SourceSubnet-id": "[concat(variables('SVNETID'),'/subnets/',variables('SourceSubnetName'))]",
    "publicIPAddressName": "PubIP",
    "vnetAddressRange": "10.0.0.0/16",
    "subnetAddressRange": "10.0.0.0/24",
    "psConfigurationFunction": "ConfigurePsVM.ps1\\ConfigurePsVM",
    "sourceConfigurationFunction": "ConfigureSourceVM.ps1\\ConfigureSourceVM",
    "DscExtensionName": "DscExtension",
    "vmStorageAccountContainerName":"vhds",
    "sizeOfEachDataDiskInGB": "128"
   },
  "resources": [
    {
      "apiVersion": "2015-05-01-preview",
      "type": "Microsoft.Network/publicIPAddresses",
      "name": "[concat(variables('publicIPAddressName'),'0')]",
      "location": "[variables('loc1')]",
      "properties": {
        "publicIPAllocationMethod": "Dynamic",
        "dnsSettings": {
          "domainNameLabel": "[parameters('publicDnsName')]"
        }
      }
    },
    {
      "apiVersion": "2015-05-01-preview",
      "type": "Microsoft.Network/publicIPAddresses",
      "name": "[concat(variables('publicIPAddressName'),'1')]",
      "location": "[variables('loc1')]",
      "properties": {
        "publicIPAllocationMethod": "Dynamic"
      }
    },
    {
      "apiVersion": "2015-05-01-preview",
      "type": "Microsoft.Storage/storageAccounts",
      "name": "[parameters('storageAccount')]",
      "location": "[variables('loc1')]",
      "properties": {
        "accountType": "Standard_LRS"
      }
    },
    {
      "apiVersion": "2015-05-01-preview",
      "type": "Microsoft.Network/virtualNetworks",
      "name": "[variables('SVNETName')]",
      "location": "[variables('loc1')]",
      "properties": {
        "addressSpace": {
          "addressPrefixes": [
            "[variables('vnetAddressRange')]"
          ]
        },
        "subnets": [
          {
            "name": "[variables('SourceSubnetName')]",
            "properties": {
              "addressPrefix": "[variables('SourceSubnetPrefix')]"
            }
          }
        ]
      }
    },
    {
      "apiVersion": "2015-05-01-preview",
      "type": "Microsoft.Network/networkInterfaces",
      "name": "onPremPS-nif",
      "location": "[variables('loc1')]",
      "dependsOn": [
        "[concat('Microsoft.Network/virtualNetworks/', variables('SVNETName'))]"
      ],
      "properties": {
        "ipConfigurations": [
          {
            "name": "ipconfig",
            "properties": {
              "privateIPAllocationMethod": "Static",
              "privateIPAddress": "10.0.0.10",
              "publicIPAddress" : {
                "id": "[concat(resourceId('Microsoft.Network/publicIPAddresses',variables('publicIPAddressName')),'0')]"
              },
              "subnet": {
                "id": "[variables('SourceSubnet-id')]"
              }
            }
          }
        ]
      }
    },
    {
      "apiVersion": "2015-06-15",
      "type": "Microsoft.Compute/virtualMachines",
      "name": "[variables('psVMName')]",
      "location": "[variables('loc1')]",
      "dependsOn": [
        "[resourceId('Microsoft.Storage/storageAccounts',parameters('storageAccount'))]",
        "[resourceId('Microsoft.Network/networkInterfaces','onPremPS-nif')]"
      ],
      "properties": {
        "hardwareProfile": {
          "vmSize": "[variables('vmSizePS')]"
        },
        "osProfile": {
          "computername": "[variables('psVMName')]",
          "adminUsername": "[parameters('adminUsername')]",
          "adminPassword": "[parameters('adminPassword')]"
        },
        "storageProfile": {
          "imageReference": {
            "publisher": "[variables('imagePublisher')]",
            "offer": "[variables('imageOffer')]",
            "sku": "[variables('windowsOSVersion')]",
            "version": "latest"
          },
          "dataDisks": [
            {
               "name": "datadisk1",
              "diskSizeGB": "[variables('sizeOfEachDataDiskInGB')]",
              "lun": 0,
              "caching": "ReadWrite",
              "vhd": {
                "Uri": "[concat('http://',parameters('storageAccount'),'.blob.core.windows.net/vhds/onPremPS-datadisk1.vhd')]"
              },
              "createOption": "Empty"
            },
            {
              "name": "datadisk2",
              "diskSizeGB": "[variables('sizeOfEachDataDiskInGB')]",
              "lun": 1,
              "caching": "ReadWrite",
              "vhd": {
                "Uri": "[concat('http://',parameters('storageAccount'),'.blob.core.windows.net/vhds/onPremPS-datadisk2.vhd')]"
              },
              "createOption": "Empty"
            },
            {
              "name": "datadisk3",
              "diskSizeGB": "[variables('sizeOfEachDataDiskInGB')]",
              "lun": 2,
              "caching": "ReadWrite",
              "vhd": {
                "Uri": "[concat('http://',parameters('storageAccount'),'.blob.core.windows.net/vhds/onPremPS-datadisk3.vhd')]"
              },
              "createOption": "Empty"
            },
            {
              "name": "datadisk4",
              "diskSizeGB": "[variables('sizeOfEachDataDiskInGB')]",
              "lun": 3,
              "caching": "ReadWrite",
              "vhd": {
                "Uri": "[concat('http://',parameters('storageAccount'),'.blob.core.windows.net/vhds/onPremPS-datadisk4.vhd')]"
              },
              "createOption": "Empty"
            },
            {
              "name": "datadisk5",
              "diskSizeGB": "[variables('sizeOfEachDataDiskInGB')]",
              "lun": 4,
              "caching": "ReadWrite",
              "vhd": {
                "Uri": "[concat('http://',parameters('storageAccount'),'.blob.core.windows.net/vhds/onPremPS-datadisk5.vhd')]"
              },
              "createOption": "Empty"
            }
          ],
          "osDisk": {
            "name": "osdisk",
            "vhd": {
              "uri": "[concat('http://',parameters('storageAccount'),'.blob.core.windows.net/vhds/onPremPS-osdisk.vhd')]"
            },
            "caching": "ReadWrite",
            "createOption": "FromImage"
          }        
        },
        "networkProfile": {
          "networkInterfaces": [
            {
              "id": "[resourceId('Microsoft.Network/networkInterfaces','onPremPS-nif')]"
            }
          ]
        },
        "diagnosticsProfile": {
          "bootDiagnostics": {
             "enabled": "true",
             "storageUri": "[concat('http://',parameters('StorageAccount'),'.blob.core.windows.net')]"
          }
        }
      }
    },
    {
      "apiVersion": "2015-05-01-preview",
      "type": "Microsoft.Network/networkInterfaces",
      "name": "source-nif",
      "location": "[variables('loc1')]",
       "dependsOn": [
        "[concat('Microsoft.Network/virtualNetworks/', variables('SVNETName'))]"
        ],
       "properties": {
        "ipConfigurations": [
          {
            "name": "ipconfig",
            "properties": {
              "privateIPAllocationMethod": "Static",
              "privateIPAddress": "10.0.0.11",
              "publicIPAddress" : {
                "id": "[concat(resourceId('Microsoft.Network/publicIPAddresses',variables('publicIPAddressName')),'1')]"
              },
              "subnet": {
                "id": "[variables('SourceSubnet-id')]"
              }          
            }
          }
        ]
      }
    },
    {
      "type": "Microsoft.Compute/virtualMachines/extensions",
      "name": "[concat(variables('psVMName'),'/', variables('DscExtensionName'))]",
      "apiVersion": "2015-05-01-preview",
      "location": "[variables('loc1')]",
      "dependsOn": [
        "[concat('Microsoft.Compute/virtualMachines/', variables('psVMName'))]"
      ],
      "properties": {
        "publisher": "Microsoft.Powershell",
        "type": "DSC",
        "typeHandlerVersion": "2.8",
        "settings": {
          "ModulesUrl": "[concat(parameters('assetLocation'),'/lab04/ConfigurePsVM.zip')]",
          "SasToken": "",
          "ConfigurationFunction": "[variables('psConfigurationFunction')]",
          "Properties": {
            "MachineName": "[variables('psVMName')]"
          }
        },
        "protectedSettings": null
      }
    },
    {
      "apiVersion": "2015-05-01-preview",
      "type": "Microsoft.Compute/virtualMachines",
      "name": "[variables('sourceVMName')]",
      "location": "[variables('loc1')]",
      "dependsOn": [
        "[concat('Microsoft.Storage/storageAccounts/', parameters('storageAccount'))]",
        "Microsoft.Network/networkInterfaces/source-nif"
      ],
      "properties": {
        "hardwareProfile": {
          "vmSize": "[variables('vmSizeSource')]"
        },
        "osProfile": {
          "computername": "[variables('sourceVMName')]",
          "adminUsername": "[parameters('adminUsername')]",
          "adminPassword": "[parameters('adminPassword')]"
        },
        "storageProfile": {
          "imageReference": {
            "publisher": "[variables('imagePublisher')]",
            "offer": "[variables('imageOffer')]",
            "sku": "[variables('windowsOSVersion')]",
            "version": "latest"
          },
          "osDisk": {
            "name": "osdisk",
            "vhd": {
              "uri": "[concat('http://',parameters('storageAccount'),'.blob.core.windows.net/vhds/source-osdisk.vhd')]"
            },
            "caching": "ReadWrite",
            "createOption": "FromImage"
          }   
        },
        "networkProfile": {
          "networkInterfaces": [
            {
              "id": "[resourceId('Microsoft.Network/networkInterfaces','source-nif')]"
            }
          ]
        }
      }
    },
    {
      "type": "Microsoft.Compute/virtualMachines/extensions",
      "name": "[concat(variables('sourceVMName'),'/', variables('DscExtensionName'))]",
      "apiVersion": "2015-05-01-preview",
      "location": "[variables('loc1')]",
      "dependsOn": [
        "[concat('Microsoft.Compute/virtualMachines/', variables('sourceVMName'))]"
      ],
      "properties": {
        "publisher": "Microsoft.Powershell",
        "type": "DSC",
        "typeHandlerVersion": "2.8",
        "settings": {
          "ModulesUrl": "[concat(parameters('assetLocation'),'/lab04/ConfigureSourceVM.zip')]",
          "SasToken": "",
          "ConfigurationFunction": "[variables('sourceConfigurationFunction')]",
          "Properties": {
            "MachineName": "[variables('sourceVMName')]"
          }
        },
        "protectedSettings": null
      }
    }
  ]
}

